{
	"credit": "Made with Blockbench",
	"texture_size": [64, 64],
	"textures": {
		"0": "block/custom/coffees/latte",
		"particle": "block/custom/coffees/latte"
	},
	"elements": [
		{
			"name": "Liquid",
			"from": [6, 1, 6],
			"to": [10, 5.75, 10],
			"rotation": {"angle": 0, "axis": "y", "origin": [6, 1, 6]},
			"faces": {
				"north": {"uv": [1, 1, 2, 2], "texture": "#0"},
				"east": {"uv": [0, 1, 1, 2], "texture": "#0"},
				"south": {"uv": [3, 1, 4, 2], "texture": "#0"},
				"west": {"uv": [2, 1, 3, 2], "texture": "#0"},
				"up": {"uv": [2, 1, 1, 0], "texture": "#0"},
				"down": {"uv": [3, 0, 2, 1], "texture": "#0"}
			}
		},
		{
			"name": "Liquid",
			"from": [6, 1, 10],
			"to": [10, 5.75, 11],
			"rotation": {"angle": 0, "axis": "y", "origin": [6, 1, 7]},
			"faces": {
				"north": {"uv": [6.75, 0.25, 7.75, 1.25], "texture": "#0"},
				"east": {"uv": [6.5, 0.25, 6.75, 1.25], "texture": "#0"},
				"south": {"uv": [8, 0.25, 9, 1.25], "texture": "#0"},
				"west": {"uv": [7.75, 0.25, 8, 1.25], "texture": "#0"},
				"up": {"uv": [7.75, 0.25, 6.75, 0], "texture": "#0"},
				"down": {"uv": [8.75, 0, 7.75, 0.25], "texture": "#0"}
			}
		},
		{
			"name": "Liquid",
			"from": [6, 1, 5],
			"to": [10, 5.75, 6],
			"rotation": {"angle": 0, "axis": "y", "origin": [6, 1, 2]},
			"faces": {
				"north": {"uv": [2.75, 7.25, 3.75, 8.25], "texture": "#0"},
				"east": {"uv": [2.5, 7.25, 2.75, 8.25], "texture": "#0"},
				"south": {"uv": [4, 7.25, 5, 8.25], "texture": "#0"},
				"west": {"uv": [3.75, 7.25, 4, 8.25], "texture": "#0"},
				"up": {"uv": [3.75, 7.25, 2.75, 7], "texture": "#0"},
				"down": {"uv": [4.75, 7, 3.75, 7.25], "texture": "#0"}
			}
		},
		{
			"name": "Liquid",
			"from": [5, 1, 6],
			"to": [6, 5.75, 10],
			"rotation": {"angle": 0, "axis": "y", "origin": [5, 1, 3]},
			"faces": {
				"north": {"uv": [6, 3, 6.25, 4], "texture": "#0"},
				"east": {"uv": [5, 3, 6, 4], "texture": "#0"},
				"south": {"uv": [7.25, 3, 7.5, 4], "texture": "#0"},
				"west": {"uv": [6.25, 3, 7.25, 4], "texture": "#0"},
				"up": {"uv": [6.25, 3, 6, 2], "texture": "#0"},
				"down": {"uv": [6.5, 2, 6.25, 3], "texture": "#0"}
			}
		},
		{
			"name": "Liquid",
			"from": [10, 1, 6],
			"to": [11, 5.75, 10],
			"rotation": {"angle": 0, "axis": "y", "origin": [10, 1, 3]},
			"faces": {
				"north": {"uv": [5, 1, 5.25, 2], "texture": "#0"},
				"east": {"uv": [4, 1, 5, 2], "texture": "#0"},
				"south": {"uv": [6.25, 1, 6.5, 2], "texture": "#0"},
				"west": {"uv": [5.25, 1, 6.25, 2], "texture": "#0"},
				"up": {"uv": [5.25, 1, 5, 0], "texture": "#0"},
				"down": {"uv": [5.5, 0, 5.25, 1], "texture": "#0"}
			}
		},
		{
			"name": "Liquid",
			"from": [6, 2, 11],
			"to": [10, 5.75, 12],
			"rotation": {"angle": 0, "axis": "y", "origin": [4, 2, 11]},
			"faces": {
				"north": {"uv": [7.75, 4, 8.75, 4.75], "texture": "#0"},
				"east": {"uv": [7.5, 4, 7.75, 4.75], "texture": "#0"},
				"south": {"uv": [9, 4, 10, 4.75], "texture": "#0"},
				"west": {"uv": [8.75, 4, 9, 4.75], "texture": "#0"},
				"up": {"uv": [8.75, 4, 7.75, 3.75], "texture": "#0"},
				"down": {"uv": [9.75, 3.75, 8.75, 4], "texture": "#0"}
			}
		},
		{
			"name": "Liquid",
			"from": [6, 2, 4],
			"to": [10, 5.75, 5],
			"rotation": {"angle": 0, "axis": "y", "origin": [4, 2, 4]},
			"faces": {
				"north": {"uv": [7.75, 5, 8.75, 5.75], "texture": "#0"},
				"east": {"uv": [7.5, 5, 7.75, 5.75], "texture": "#0"},
				"south": {"uv": [9, 5, 10, 5.75], "texture": "#0"},
				"west": {"uv": [8.75, 5, 9, 5.75], "texture": "#0"},
				"up": {"uv": [8.75, 5, 7.75, 4.75], "texture": "#0"},
				"down": {"uv": [9.75, 4.75, 8.75, 5], "texture": "#0"}
			}
		},
		{
			"name": "Liquid",
			"from": [4, 2, 6],
			"to": [5, 5.75, 10],
			"rotation": {"angle": 0, "axis": "y", "origin": [2, 2, 6]},
			"faces": {
				"north": {"uv": [1, 6.5, 1.25, 7.25], "texture": "#0"},
				"east": {"uv": [0, 6.5, 1, 7.25], "texture": "#0"},
				"south": {"uv": [2.25, 6.5, 2.5, 7.25], "texture": "#0"},
				"west": {"uv": [1.25, 6.5, 2.25, 7.25], "texture": "#0"},
				"up": {"uv": [1.25, 6.5, 1, 5.5], "texture": "#0"},
				"down": {"uv": [1.5, 5.5, 1.25, 6.5], "texture": "#0"}
			}
		},
		{
			"name": "Liquid",
			"from": [11, 2, 6],
			"to": [12, 5.75, 10],
			"rotation": {"angle": 0, "axis": "y", "origin": [9, 2, 6]},
			"faces": {
				"north": {"uv": [6, 5, 6.25, 5.75], "texture": "#0"},
				"east": {"uv": [5, 5, 6, 5.75], "texture": "#0"},
				"south": {"uv": [7.25, 5, 7.5, 5.75], "texture": "#0"},
				"west": {"uv": [6.25, 5, 7.25, 5.75], "texture": "#0"},
				"up": {"uv": [6.25, 5, 6, 4], "texture": "#0"},
				"down": {"uv": [6.5, 4, 6.25, 5], "texture": "#0"}
			}
		},
		{
			"name": "Liquid",
			"from": [10, 2, 5],
			"to": [11, 5.75, 6],
			"rotation": {"angle": 0, "axis": "y", "origin": [8, 2, 5]},
			"faces": {
				"north": {"uv": [4.25, 2.25, 4.5, 3], "texture": "#0"},
				"east": {"uv": [4, 2.25, 4.25, 3], "texture": "#0"},
				"south": {"uv": [4.75, 2.25, 5, 3], "texture": "#0"},
				"west": {"uv": [4.5, 2.25, 4.75, 3], "texture": "#0"},
				"up": {"uv": [4.5, 2.25, 4.25, 2], "texture": "#0"},
				"down": {"uv": [4.75, 2, 4.5, 2.25], "texture": "#0"}
			}
		},
		{
			"name": "Liquid",
			"from": [10, 2, 10],
			"to": [11, 5.75, 11],
			"rotation": {"angle": 0, "axis": "y", "origin": [8, 2, 10]},
			"faces": {
				"north": {"uv": [8.75, 8, 9, 8.75], "texture": "#0"},
				"east": {"uv": [8.5, 8, 8.75, 8.75], "texture": "#0"},
				"south": {"uv": [9.25, 8, 9.5, 8.75], "texture": "#0"},
				"west": {"uv": [9, 8, 9.25, 8.75], "texture": "#0"},
				"up": {"uv": [9, 8, 8.75, 7.75], "texture": "#0"},
				"down": {"uv": [9.25, 7.75, 9, 8], "texture": "#0"}
			}
		},
		{
			"name": "Liquid",
			"from": [5, 2, 10],
			"to": [6, 5.75, 11],
			"rotation": {"angle": 0, "axis": "y", "origin": [3, 2, 10]},
			"faces": {
				"north": {"uv": [8.75, 9, 9, 9.75], "texture": "#0"},
				"east": {"uv": [8.5, 9, 8.75, 9.75], "texture": "#0"},
				"south": {"uv": [9.25, 9, 9.5, 9.75], "texture": "#0"},
				"west": {"uv": [9, 9, 9.25, 9.75], "texture": "#0"},
				"up": {"uv": [9, 9, 8.75, 8.75], "texture": "#0"},
				"down": {"uv": [9.25, 8.75, 9, 9], "texture": "#0"}
			}
		},
		{
			"name": "Liquid",
			"from": [5, 2, 5],
			"to": [6, 5.75, 6],
			"rotation": {"angle": 0, "axis": "y", "origin": [3, 2, 5]},
			"faces": {
				"north": {"uv": [9.25, 0.25, 9.5, 1], "texture": "#0"},
				"east": {"uv": [9, 0.25, 9.25, 1], "texture": "#0"},
				"south": {"uv": [9.75, 0.25, 10, 1], "texture": "#0"},
				"west": {"uv": [9.5, 0.25, 9.75, 1], "texture": "#0"},
				"up": {"uv": [9.5, 0.25, 9.25, 0], "texture": "#0"},
				"down": {"uv": [9.75, 0, 9.5, 0.25], "texture": "#0"}
			}
		},
		{
			"name": "Mug",
			"from": [6, 0, 6],
			"to": [10, 1, 10],
			"rotation": {"angle": 0, "axis": "y", "origin": [6, 0, 6]},
			"faces": {
				"north": {"uv": [1, 3, 2, 3.25], "texture": "#0"},
				"east": {"uv": [0, 3, 1, 3.25], "texture": "#0"},
				"south": {"uv": [3, 3, 4, 3.25], "texture": "#0"},
				"west": {"uv": [2, 3, 3, 3.25], "texture": "#0"},
				"up": {"uv": [2, 3, 1, 2], "texture": "#0"},
				"down": {"uv": [3, 2, 2, 3], "texture": "#0"}
			}
		},
		{
			"name": "Mug",
			"from": [6, 0, 5],
			"to": [10, 1, 6],
			"rotation": {"angle": 0, "axis": "y", "origin": [6, 0, 5]},
			"faces": {
				"north": {"uv": [7.75, 7, 8.75, 7.25], "texture": "#0"},
				"east": {"uv": [7.5, 7, 7.75, 7.25], "texture": "#0"},
				"south": {"uv": [9, 7, 10, 7.25], "texture": "#0"},
				"west": {"uv": [8.75, 7, 9, 7.25], "texture": "#0"},
				"up": {"uv": [8.75, 7, 7.75, 6.75], "texture": "#0"},
				"down": {"uv": [9.75, 6.75, 8.75, 7], "texture": "#0"}
			}
		},
		{
			"name": "Mug",
			"from": [6, 0, 10],
			"to": [10, 1, 11],
			"rotation": {"angle": 0, "axis": "y", "origin": [6, 0, 10]},
			"faces": {
				"north": {"uv": [7.75, 7.5, 8.75, 7.75], "texture": "#0"},
				"east": {"uv": [7.5, 7.5, 7.75, 7.75], "texture": "#0"},
				"south": {"uv": [9, 7.5, 10, 7.75], "texture": "#0"},
				"west": {"uv": [8.75, 7.5, 9, 7.75], "texture": "#0"},
				"up": {"uv": [8.75, 7.5, 7.75, 7.25], "texture": "#0"},
				"down": {"uv": [9.75, 7.25, 8.75, 7.5], "texture": "#0"}
			}
		},
		{
			"name": "Mug",
			"from": [10, 0, 6],
			"to": [11, 1, 10],
			"rotation": {"angle": 0, "axis": "y", "origin": [10, 0, 6]},
			"faces": {
				"north": {"uv": [8.5, 2.25, 8.75, 2.5], "texture": "#0"},
				"east": {"uv": [7.5, 2.25, 8.5, 2.5], "texture": "#0"},
				"south": {"uv": [9.75, 2.25, 10, 2.5], "texture": "#0"},
				"west": {"uv": [8.75, 2.25, 9.75, 2.5], "texture": "#0"},
				"up": {"uv": [8.75, 2.25, 8.5, 1.25], "texture": "#0"},
				"down": {"uv": [9, 1.25, 8.75, 2.25], "texture": "#0"}
			}
		},
		{
			"name": "Mug",
			"from": [5, 0, 6],
			"to": [6, 1, 10],
			"rotation": {"angle": 0, "axis": "y", "origin": [5, 0, 6]},
			"faces": {
				"north": {"uv": [8.5, 3.5, 8.75, 3.75], "texture": "#0"},
				"east": {"uv": [7.5, 3.5, 8.5, 3.75], "texture": "#0"},
				"south": {"uv": [9.75, 3.5, 10, 3.75], "texture": "#0"},
				"west": {"uv": [8.75, 3.5, 9.75, 3.75], "texture": "#0"},
				"up": {"uv": [8.75, 3.5, 8.5, 2.5], "texture": "#0"},
				"down": {"uv": [9, 2.5, 8.75, 3.5], "texture": "#0"}
			}
		},
		{
			"name": "Mug",
			"from": [6, 1, 4],
			"to": [10, 2, 5],
			"rotation": {"angle": 0, "axis": "y", "origin": [4, 1, 5]},
			"faces": {
				"north": {"uv": [7.75, 6, 8.75, 6.25], "texture": "#0"},
				"east": {"uv": [7.5, 6, 7.75, 6.25], "texture": "#0"},
				"south": {"uv": [9, 6, 10, 6.25], "texture": "#0"},
				"west": {"uv": [8.75, 6, 9, 6.25], "texture": "#0"},
				"up": {"uv": [8.75, 6, 7.75, 5.75], "texture": "#0"},
				"down": {"uv": [9.75, 5.75, 8.75, 6], "texture": "#0"}
			}
		},
		{
			"name": "Mug",
			"from": [6, 1, 11],
			"to": [10, 2, 12],
			"rotation": {"angle": 0, "axis": "y", "origin": [4, 1, 11]},
			"faces": {
				"north": {"uv": [7.75, 6.5, 8.75, 6.75], "texture": "#0"},
				"east": {"uv": [7.5, 6.5, 7.75, 6.75], "texture": "#0"},
				"south": {"uv": [9, 6.5, 10, 6.75], "texture": "#0"},
				"west": {"uv": [8.75, 6.5, 9, 6.75], "texture": "#0"},
				"up": {"uv": [8.75, 6.5, 7.75, 6.25], "texture": "#0"},
				"down": {"uv": [9.75, 6.25, 8.75, 6.5], "texture": "#0"}
			}
		},
		{
			"name": "Mug",
			"from": [4, 1, 6],
			"to": [5, 2, 10],
			"rotation": {"angle": 0, "axis": "y", "origin": [5, 1, 4]},
			"faces": {
				"north": {"uv": [1, 8.25, 1.25, 8.5], "texture": "#0"},
				"east": {"uv": [0, 8.25, 1, 8.5], "texture": "#0"},
				"south": {"uv": [2.25, 8.25, 2.5, 8.5], "texture": "#0"},
				"west": {"uv": [1.25, 8.25, 2.25, 8.5], "texture": "#0"},
				"up": {"uv": [1.25, 8.25, 1, 7.25], "texture": "#0"},
				"down": {"uv": [1.5, 7.25, 1.25, 8.25], "texture": "#0"}
			}
		},
		{
			"name": "Mug",
			"from": [3, 2, 6],
			"to": [4, 7, 10],
			"rotation": {"angle": 0, "axis": "y", "origin": [4, 2, 4]},
			"faces": {
				"north": {"uv": [1, 4.25, 1.25, 5.5], "texture": "#0"},
				"east": {"uv": [0, 4.25, 1, 5.5], "texture": "#0"},
				"south": {"uv": [2.25, 4.25, 2.5, 5.5], "texture": "#0"},
				"west": {"uv": [1.25, 4.25, 2.25, 5.5], "texture": "#0"},
				"up": {"uv": [1.25, 4.25, 1, 3.25], "texture": "#0"},
				"down": {"uv": [1.5, 3.25, 1.25, 4.25], "texture": "#0"}
			}
		},
		{
			"name": "Mug",
			"from": [12, 2, 6],
			"to": [13, 7, 10],
			"rotation": {"angle": 0, "axis": "y", "origin": [13, 2, 4]},
			"faces": {
				"north": {"uv": [3.5, 4.25, 3.75, 5.5], "texture": "#0"},
				"east": {"uv": [2.5, 4.25, 3.5, 5.5], "texture": "#0"},
				"south": {"uv": [4.75, 4.25, 5, 5.5], "texture": "#0"},
				"west": {"uv": [3.75, 4.25, 4.75, 5.5], "texture": "#0"},
				"up": {"uv": [3.75, 4.25, 3.5, 3.25], "texture": "#0"},
				"down": {"uv": [4, 3.25, 3.75, 4.25], "texture": "#0"}
			}
		},
		{
			"name": "Mug",
			"from": [14, 3.5, 7.5],
			"to": [15, 5.5, 8.5],
			"rotation": {"angle": 0, "axis": "y", "origin": [15, 3.5, 5.5]},
			"faces": {
				"north": {"uv": [6.75, 1.5, 7, 2], "texture": "#0"},
				"east": {"uv": [6.5, 1.5, 6.75, 2], "texture": "#0"},
				"south": {"uv": [7.25, 1.5, 7.5, 2], "texture": "#0"},
				"west": {"uv": [7, 1.5, 7.25, 2], "texture": "#0"},
				"up": {"uv": [7, 1.5, 6.75, 1.25], "texture": "#0"},
				"down": {"uv": [7.25, 1.25, 7, 1.5], "texture": "#0"}
			}
		},
		{
			"name": "Mug",
			"from": [13, 2.5, 7.5],
			"to": [14, 3.5, 8.5],
			"rotation": {"angle": 0, "axis": "y", "origin": [14, 2.5, 5.5]},
			"faces": {
				"north": {"uv": [9.75, 9.5, 10, 9.75], "texture": "#0"},
				"east": {"uv": [9.5, 9.5, 9.75, 9.75], "texture": "#0"},
				"south": {"uv": [10.25, 9.5, 10.5, 9.75], "texture": "#0"},
				"west": {"uv": [10, 9.5, 10.25, 9.75], "texture": "#0"},
				"up": {"uv": [10, 9.5, 9.75, 9.25], "texture": "#0"},
				"down": {"uv": [10.25, 9.25, 10, 9.5], "texture": "#0"}
			}
		},
		{
			"name": "Mug",
			"from": [13, 5.5, 7.5],
			"to": [14, 6.5, 8.5],
			"rotation": {"angle": 0, "axis": "y", "origin": [14, 5.5, 5.5]},
			"faces": {
				"north": {"uv": [2.25, 10, 2.5, 10.25], "texture": "#0"},
				"east": {"uv": [2, 10, 2.25, 10.25], "texture": "#0"},
				"south": {"uv": [2.75, 10, 3, 10.25], "texture": "#0"},
				"west": {"uv": [2.5, 10, 2.75, 10.25], "texture": "#0"},
				"up": {"uv": [2.5, 10, 2.25, 9.75], "texture": "#0"},
				"down": {"uv": [2.75, 9.75, 2.5, 10], "texture": "#0"}
			}
		},
		{
			"name": "Mug",
			"from": [6, 2, 12],
			"to": [10, 7, 13],
			"rotation": {"angle": 0, "axis": "y", "origin": [7, 2, 10]},
			"faces": {
				"north": {"uv": [2.75, 5.75, 3.75, 7], "texture": "#0"},
				"east": {"uv": [2.5, 5.75, 2.75, 7], "texture": "#0"},
				"south": {"uv": [4, 5.75, 5, 7], "texture": "#0"},
				"west": {"uv": [3.75, 5.75, 4, 7], "texture": "#0"},
				"up": {"uv": [3.75, 5.75, 2.75, 5.5], "texture": "#0"},
				"down": {"uv": [4.75, 5.5, 3.75, 5.75], "texture": "#0"}
			}
		},
		{
			"name": "Mug",
			"from": [6, 2, 3],
			"to": [10, 7, 4],
			"rotation": {"angle": 0, "axis": "y", "origin": [7, 2, 1]},
			"faces": {
				"north": {"uv": [5.25, 6, 6.25, 7.25], "texture": "#0"},
				"east": {"uv": [5, 6, 5.25, 7.25], "texture": "#0"},
				"south": {"uv": [6.5, 6, 7.5, 7.25], "texture": "#0"},
				"west": {"uv": [6.25, 6, 6.5, 7.25], "texture": "#0"},
				"up": {"uv": [6.25, 6, 5.25, 5.75], "texture": "#0"},
				"down": {"uv": [7.25, 5.75, 6.25, 6], "texture": "#0"}
			}
		},
		{
			"name": "Mug",
			"from": [4, 2, 5],
			"to": [5, 7, 6],
			"rotation": {"angle": 0, "axis": "y", "origin": [5, 2, 3]},
			"faces": {
				"north": {"uv": [7.75, 8, 8, 9.25], "texture": "#0"},
				"east": {"uv": [7.5, 8, 7.75, 9.25], "texture": "#0"},
				"south": {"uv": [8.25, 8, 8.5, 9.25], "texture": "#0"},
				"west": {"uv": [8, 8, 8.25, 9.25], "texture": "#0"},
				"up": {"uv": [8, 8, 7.75, 7.75], "texture": "#0"},
				"down": {"uv": [8.25, 7.75, 8, 8], "texture": "#0"}
			}
		},
		{
			"name": "Mug",
			"from": [4, 2, 10],
			"to": [5, 7, 11],
			"rotation": {"angle": 0, "axis": "y", "origin": [5, 2, 8]},
			"faces": {
				"north": {"uv": [5.75, 8.75, 6, 10], "texture": "#0"},
				"east": {"uv": [5.5, 8.75, 5.75, 10], "texture": "#0"},
				"south": {"uv": [6.25, 8.75, 6.5, 10], "texture": "#0"},
				"west": {"uv": [6, 8.75, 6.25, 10], "texture": "#0"},
				"up": {"uv": [6, 8.75, 5.75, 8.5], "texture": "#0"},
				"down": {"uv": [6.25, 8.5, 6, 8.75], "texture": "#0"}
			}
		},
		{
			"name": "Mug",
			"from": [11, 2, 5],
			"to": [12, 7, 6],
			"rotation": {"angle": 0, "axis": "y", "origin": [12, 2, 3]},
			"faces": {
				"north": {"uv": [0.25, 8.75, 0.5, 10], "texture": "#0"},
				"east": {"uv": [0, 8.75, 0.25, 10], "texture": "#0"},
				"south": {"uv": [0.75, 8.75, 1, 10], "texture": "#0"},
				"west": {"uv": [0.5, 8.75, 0.75, 10], "texture": "#0"},
				"up": {"uv": [0.5, 8.75, 0.25, 8.5], "texture": "#0"},
				"down": {"uv": [0.75, 8.5, 0.5, 8.75], "texture": "#0"}
			}
		},
		{
			"name": "Mug",
			"from": [11, 2, 10],
			"to": [12, 7, 11],
			"rotation": {"angle": 0, "axis": "y", "origin": [12, 2, 8]},
			"faces": {
				"north": {"uv": [1.25, 8.75, 1.5, 10], "texture": "#0"},
				"east": {"uv": [1, 8.75, 1.25, 10], "texture": "#0"},
				"south": {"uv": [1.75, 8.75, 2, 10], "texture": "#0"},
				"west": {"uv": [1.5, 8.75, 1.75, 10], "texture": "#0"},
				"up": {"uv": [1.5, 8.75, 1.25, 8.5], "texture": "#0"},
				"down": {"uv": [1.75, 8.5, 1.5, 8.75], "texture": "#0"}
			}
		},
		{
			"name": "Mug",
			"from": [10, 2, 11],
			"to": [11, 7, 12],
			"rotation": {"angle": 0, "axis": "y", "origin": [11, 2, 9]},
			"faces": {
				"north": {"uv": [4.75, 8.75, 5, 10], "texture": "#0"},
				"east": {"uv": [4.5, 8.75, 4.75, 10], "texture": "#0"},
				"south": {"uv": [5.25, 8.75, 5.5, 10], "texture": "#0"},
				"west": {"uv": [5, 8.75, 5.25, 10], "texture": "#0"},
				"up": {"uv": [5, 8.75, 4.75, 8.5], "texture": "#0"},
				"down": {"uv": [5.25, 8.5, 5, 8.75], "texture": "#0"}
			}
		},
		{
			"name": "Mug",
			"from": [5, 2, 4],
			"to": [6, 7, 5],
			"rotation": {"angle": 0, "axis": "y", "origin": [6, 2, 2]},
			"faces": {
				"north": {"uv": [2.75, 8.5, 3, 9.75], "texture": "#0"},
				"east": {"uv": [2.5, 8.5, 2.75, 9.75], "texture": "#0"},
				"south": {"uv": [3.25, 8.5, 3.5, 9.75], "texture": "#0"},
				"west": {"uv": [3, 8.5, 3.25, 9.75], "texture": "#0"},
				"up": {"uv": [3, 8.5, 2.75, 8.25], "texture": "#0"},
				"down": {"uv": [3.25, 8.25, 3, 8.5], "texture": "#0"}
			}
		},
		{
			"name": "Mug",
			"from": [5, 2, 11],
			"to": [6, 7, 12],
			"rotation": {"angle": 0, "axis": "y", "origin": [6, 2, 9]},
			"faces": {
				"north": {"uv": [6.75, 8.75, 7, 10], "texture": "#0"},
				"east": {"uv": [6.5, 8.75, 6.75, 10], "texture": "#0"},
				"south": {"uv": [7.25, 8.75, 7.5, 10], "texture": "#0"},
				"west": {"uv": [7, 8.75, 7.25, 10], "texture": "#0"},
				"up": {"uv": [7, 8.75, 6.75, 8.5], "texture": "#0"},
				"down": {"uv": [7.25, 8.5, 7, 8.75], "texture": "#0"}
			}
		},
		{
			"name": "Mug",
			"from": [10, 2, 4],
			"to": [11, 7, 5],
			"rotation": {"angle": 0, "axis": "y", "origin": [11, 2, 2]},
			"faces": {
				"north": {"uv": [3.75, 8.5, 4, 9.75], "texture": "#0"},
				"east": {"uv": [3.5, 8.5, 3.75, 9.75], "texture": "#0"},
				"south": {"uv": [4.25, 8.5, 4.5, 9.75], "texture": "#0"},
				"west": {"uv": [4, 8.5, 4.25, 9.75], "texture": "#0"},
				"up": {"uv": [4, 8.5, 3.75, 8.25], "texture": "#0"},
				"down": {"uv": [4.25, 8.25, 4, 8.5], "texture": "#0"}
			}
		},
		{
			"name": "Mug",
			"from": [11, 1, 6],
			"to": [12, 2, 10],
			"rotation": {"angle": 0, "axis": "y", "origin": [11, 1, 4]},
			"faces": {
				"north": {"uv": [6, 8.25, 6.25, 8.5], "texture": "#0"},
				"east": {"uv": [5, 8.25, 6, 8.5], "texture": "#0"},
				"south": {"uv": [7.25, 8.25, 7.5, 8.5], "texture": "#0"},
				"west": {"uv": [6.25, 8.25, 7.25, 8.5], "texture": "#0"},
				"up": {"uv": [6.25, 8.25, 6, 7.25], "texture": "#0"},
				"down": {"uv": [6.5, 7.25, 6.25, 8.25], "texture": "#0"}
			}
		},
		{
			"name": "Mug",
			"from": [10, 1, 5],
			"to": [11, 2, 6],
			"rotation": {"angle": 0, "axis": "y", "origin": [10, 1, 3]},
			"faces": {
				"north": {"uv": [7.75, 9.5, 8, 9.75], "texture": "#0"},
				"east": {"uv": [7.5, 9.5, 7.75, 9.75], "texture": "#0"},
				"south": {"uv": [8.25, 9.5, 8.5, 9.75], "texture": "#0"},
				"west": {"uv": [8, 9.5, 8.25, 9.75], "texture": "#0"},
				"up": {"uv": [8, 9.5, 7.75, 9.25], "texture": "#0"},
				"down": {"uv": [8.25, 9.25, 8, 9.5], "texture": "#0"}
			}
		},
		{
			"name": "Mug",
			"from": [5, 1, 5],
			"to": [6, 2, 6],
			"rotation": {"angle": 0, "axis": "y", "origin": [5, 1, 3]},
			"faces": {
				"north": {"uv": [9.75, 8, 10, 8.25], "texture": "#0"},
				"east": {"uv": [9.5, 8, 9.75, 8.25], "texture": "#0"},
				"south": {"uv": [10.25, 8, 10.5, 8.25], "texture": "#0"},
				"west": {"uv": [10, 8, 10.25, 8.25], "texture": "#0"},
				"up": {"uv": [10, 8, 9.75, 7.75], "texture": "#0"},
				"down": {"uv": [10.25, 7.75, 10, 8], "texture": "#0"}
			}
		},
		{
			"name": "Mug",
			"from": [5, 1, 10],
			"to": [6, 2, 11],
			"rotation": {"angle": 0, "axis": "y", "origin": [5, 1, 8]},
			"faces": {
				"north": {"uv": [9.75, 8.5, 10, 8.75], "texture": "#0"},
				"east": {"uv": [9.5, 8.5, 9.75, 8.75], "texture": "#0"},
				"south": {"uv": [10.25, 8.5, 10.5, 8.75], "texture": "#0"},
				"west": {"uv": [10, 8.5, 10.25, 8.75], "texture": "#0"},
				"up": {"uv": [10, 8.5, 9.75, 8.25], "texture": "#0"},
				"down": {"uv": [10.25, 8.25, 10, 8.5], "texture": "#0"}
			}
		},
		{
			"name": "Mug",
			"from": [10, 1, 10],
			"to": [11, 2, 11],
			"rotation": {"angle": 0, "axis": "y", "origin": [10, 1, 8]},
			"faces": {
				"north": {"uv": [9.75, 9, 10, 9.25], "texture": "#0"},
				"east": {"uv": [9.5, 9, 9.75, 9.25], "texture": "#0"},
				"south": {"uv": [10.25, 9, 10.5, 9.25], "texture": "#0"},
				"west": {"uv": [10, 9, 10.25, 9.25], "texture": "#0"},
				"up": {"uv": [10, 9, 9.75, 8.75], "texture": "#0"},
				"down": {"uv": [10.25, 8.75, 10, 9], "texture": "#0"}
			}
		},
		{
			"name": "White Marshmallow",
			"from": [7.5, 5, 4.5],
			"to": [8.5, 6, 5.5],
			"rotation": {"angle": 0, "axis": "y", "origin": [7, 4.5, 4.5]},
			"faces": {
				"north": {"uv": [0, 0, 0.25, 0.25], "texture": "#0"},
				"east": {"uv": [0, 0, 0.25, 0.25], "texture": "#0"},
				"south": {"uv": [0, 0, 0.25, 0.25], "texture": "#0"},
				"west": {"uv": [0, 0, 0.25, 0.25], "texture": "#0"},
				"up": {"uv": [0, 0, 0.25, 0.25], "texture": "#0"},
				"down": {"uv": [0, 0, 0.25, 0.25], "texture": "#0"}
			}
		},
		{
			"name": "White Marshmallow",
			"from": [4.5, 5, 8],
			"to": [5.5, 6, 9],
			"rotation": {"angle": 0, "axis": "y", "origin": [4, 4.5, 8]},
			"faces": {
				"north": {"uv": [0, 0, 0.25, 0.25], "texture": "#0"},
				"east": {"uv": [0, 0, 0.25, 0.25], "texture": "#0"},
				"south": {"uv": [0, 0, 0.25, 0.25], "texture": "#0"},
				"west": {"uv": [0, 0, 0.25, 0.25], "texture": "#0"},
				"up": {"uv": [0, 0, 0.25, 0.25], "texture": "#0"},
				"down": {"uv": [0, 0, 0.25, 0.25], "texture": "#0"}
			}
		},
		{
			"name": "White Marshmallow",
			"from": [9.5, 5, 9],
			"to": [10.5, 6, 10],
			"rotation": {"angle": 0, "axis": "y", "origin": [9, 4.5, 9]},
			"faces": {
				"north": {"uv": [0, 0, 0.25, 0.25], "texture": "#0"},
				"east": {"uv": [0, 0, 0.25, 0.25], "texture": "#0"},
				"south": {"uv": [0, 0, 0.25, 0.25], "texture": "#0"},
				"west": {"uv": [0, 0, 0.25, 0.25], "texture": "#0"},
				"up": {"uv": [0, 0, 0.25, 0.25], "texture": "#0"},
				"down": {"uv": [0, 0, 0.25, 0.25], "texture": "#0"}
			}
		},
		{
			"name": "White Marshmallow",
			"from": [7.5, 5, 7.5],
			"to": [8.5, 6, 8.5],
			"rotation": {"angle": 0, "axis": "y", "origin": [7, 4.5, 7.5]},
			"faces": {
				"north": {"uv": [0.125, 0.375, 0.375, 0.125], "texture": "#0"},
				"east": {"uv": [0.125, 0.125, 0.375, 0.375], "texture": "#0"},
				"south": {"uv": [0.125, 0.375, 0.375, 0.125], "texture": "#0"},
				"west": {"uv": [0.125, 0.125, 0.375, 0.375], "texture": "#0"},
				"up": {"uv": [0.125, 0.125, 0.375, 0.375], "texture": "#0"},
				"down": {"uv": [0.125, 0.125, 0.375, 0.375], "texture": "#0"}
			}
		},
		{
			"name": "Pink Marshmallow",
			"from": [10.5, 5, 7],
			"to": [11.5, 6, 8],
			"rotation": {"angle": 0, "axis": "y", "origin": [10, 4.5, 7]},
			"faces": {
				"north": {"uv": [0.25, 0, 0.5, 0.25], "texture": "#0"},
				"east": {"uv": [0.25, 0, 0.5, 0.25], "texture": "#0"},
				"south": {"uv": [0.25, 0, 0.5, 0.25], "texture": "#0"},
				"west": {"uv": [0.25, 0, 0.5, 0.25], "texture": "#0"},
				"up": {"uv": [0.25, 0, 0.5, 0.25], "texture": "#0"},
				"down": {"uv": [0.25, 0, 0.5, 0.25], "texture": "#0"}
			}
		},
		{
			"name": "Pink Marshmallow",
			"from": [5.5, 5, 6],
			"to": [6.5, 6, 7],
			"rotation": {"angle": 0, "axis": "y", "origin": [5, 4.5, 6]},
			"faces": {
				"north": {"uv": [0.25, 0, 0.5, 0.25], "texture": "#0"},
				"east": {"uv": [0.25, 0, 0.5, 0.25], "texture": "#0"},
				"south": {"uv": [0.25, 0, 0.5, 0.25], "texture": "#0"},
				"west": {"uv": [0.25, 0, 0.5, 0.25], "texture": "#0"},
				"up": {"uv": [0.25, 0, 0.5, 0.25], "texture": "#0"},
				"down": {"uv": [0.25, 0, 0.5, 0.25], "texture": "#0"}
			}
		},
		{
			"name": "Pink Marshmallow",
			"from": [7.5, 5, 10.5],
			"to": [8.5, 6, 11.5],
			"rotation": {"angle": 0, "axis": "y", "origin": [7, 4.5, 10.5]},
			"faces": {
				"north": {"uv": [0.25, 0, 0.5, 0.25], "texture": "#0"},
				"east": {"uv": [0.25, 0, 0.5, 0.25], "texture": "#0"},
				"south": {"uv": [0.25, 0, 0.5, 0.25], "texture": "#0"},
				"west": {"uv": [0.25, 0, 0.5, 0.25], "texture": "#0"},
				"up": {"uv": [0.25, 0, 0.5, 0.25], "texture": "#0"},
				"down": {"uv": [0.25, 0, 0.5, 0.25], "texture": "#0"}
			}
		}
	],
	"display": {
		"thirdperson_righthand": {
			"rotation": [0, -90, 0],
			"translation": [0, 0, -3.25],
			"scale": [0.55, 0.55, 0.55]
		},
		"thirdperson_lefthand": {
			"rotation": [0, 90, 0],
			"translation": [0, 0, -3.25],
			"scale": [0.55, 0.55, 0.55]
		},
		"firstperson_righthand": {
			"rotation": [0, -80, 0],
			"translation": [1.13, 3.2, 1.13],
			"scale": [0.68, 0.68, 0.68]
		},
		"firstperson_lefthand": {
			"rotation": [0, -80, 0],
			"translation": [1.13, 3.2, 1.13],
			"scale": [0.68, 0.68, 0.68]
		},
		"ground": {
			"translation": [0, 2, 0],
			"scale": [0.5, 0.5, 0.5]
		},
		"gui": {
			"rotation": [32, -32, 0],
			"translation": [-0.5, 4, 0],
			"scale": [1.25, 1.25, 1.25]
		},
		"head": {
			"rotation": [0, 180, 0],
			"translation": [0, 15.5, 0]
		},
		"fixed": {
			"rotation": [-90, 180, 0],
			"translation": [0, 0, -16],
			"scale": [2, 2, 2]
		}
	}
}