{
	"credit": "Made with Blockbench",
	"texture_size": [64, 64],
	"textures": {
		"0": "block/custom/milkshakes/banana_milkshake",
		"particle": "block/custom/milkshakes/banana_milkshake"
	},
	"elements": [
		{
			"name": "Straw",
			"from": [7.75, 6.25, 7],
			"to": [8.75, 16.25, 8],
			"rotation": {"angle": 22.5, "axis": "z", "origin": [7.25, 6.25, 7.5]},
			"faces": {
				"north": {"uv": [7.75, 2, 8, 4.5], "texture": "#0"},
				"east": {"uv": [7.5, 2, 7.75, 4.5], "texture": "#0"},
				"south": {"uv": [8.25, 2, 8.5, 4.5], "texture": "#0"},
				"west": {"uv": [8, 2, 8.25, 4.5], "texture": "#0"},
				"up": {"uv": [8, 2, 7.75, 1.75], "texture": "#0"},
				"down": {"uv": [8.25, 1.75, 8, 2], "texture": "#0"}
			}
		},
		{
			"name": "Glass",
			"from": [6, 0, 6],
			"to": [10, 1, 10],
			"rotation": {"angle": 0, "axis": "y", "origin": [7, 0, 7]},
			"faces": {
				"north": {"uv": [1, 1.5, 2, 1.75], "texture": "#0"},
				"east": {"uv": [0, 1.5, 1, 1.75], "texture": "#0"},
				"south": {"uv": [3, 1.5, 4, 1.75], "texture": "#0"},
				"west": {"uv": [2, 1.5, 3, 1.75], "texture": "#0"},
				"up": {"uv": [2, 1.5, 1, 0.5], "texture": "#0"},
				"down": {"uv": [3, 0.5, 2, 1.5], "texture": "#0"}
			}
		},
		{
			"name": "Glass",
			"from": [5, 0, 7],
			"to": [6, 1, 9],
			"rotation": {"angle": 0, "axis": "y", "origin": [6, 0, 8]},
			"faces": {
				"north": {"uv": [1.75, 1.5, 2, 1.75], "texture": "#0"},
				"east": {"uv": [1.25, 1.5, 1.75, 1.75], "texture": "#0"},
				"south": {"uv": [2.5, 1.5, 2.75, 1.75], "texture": "#0"},
				"west": {"uv": [2, 1.5, 2.5, 1.75], "texture": "#0"},
				"up": {"uv": [2, 1.5, 1.75, 1], "texture": "#0"},
				"down": {"uv": [2.25, 1, 2, 1.5], "texture": "#0"}
			}
		},
		{
			"name": "Glass",
			"from": [10, 0, 7],
			"to": [11, 1, 9],
			"rotation": {"angle": 0, "axis": "y", "origin": [11, 0, 8]},
			"faces": {
				"north": {"uv": [1.75, 1.5, 2, 1.75], "texture": "#0"},
				"east": {"uv": [1.25, 1.5, 1.75, 1.75], "texture": "#0"},
				"south": {"uv": [2.5, 1.5, 2.75, 1.75], "texture": "#0"},
				"west": {"uv": [2, 1.5, 2.5, 1.75], "texture": "#0"},
				"up": {"uv": [2, 1.5, 1.75, 1], "texture": "#0"},
				"down": {"uv": [2.25, 1, 2, 1.5], "texture": "#0"}
			}
		},
		{
			"name": "Glass",
			"from": [7, 0, 5],
			"to": [9, 1, 6],
			"rotation": {"angle": 0, "axis": "y", "origin": [8, 0, 6]},
			"faces": {
				"north": {"uv": [1.5, 1.5, 2, 1.75], "texture": "#0"},
				"east": {"uv": [1.25, 1.5, 1.5, 1.75], "texture": "#0"},
				"south": {"uv": [2.25, 1.5, 2.75, 1.75], "texture": "#0"},
				"west": {"uv": [2, 1.5, 2.25, 1.75], "texture": "#0"},
				"up": {"uv": [2, 1.5, 1.5, 1.25], "texture": "#0"},
				"down": {"uv": [2.5, 1.25, 2, 1.5], "texture": "#0"}
			}
		},
		{
			"name": "Glass",
			"from": [7, 0, 10],
			"to": [9, 1, 11],
			"rotation": {"angle": 0, "axis": "y", "origin": [8, 0, 11]},
			"faces": {
				"north": {"uv": [1.5, 1.5, 2, 1.75], "texture": "#0"},
				"east": {"uv": [1.25, 1.5, 1.5, 1.75], "texture": "#0"},
				"south": {"uv": [2.25, 1.5, 2.75, 1.75], "texture": "#0"},
				"west": {"uv": [2, 1.5, 2.25, 1.75], "texture": "#0"},
				"up": {"uv": [2, 1.5, 1.5, 1.25], "texture": "#0"},
				"down": {"uv": [2.5, 1.25, 2, 1.5], "texture": "#0"}
			}
		},
		{
			"name": "Glass",
			"from": [7, 1, 7],
			"to": [9, 2, 9],
			"rotation": {"angle": 0, "axis": "y", "origin": [8, 1, 8]},
			"faces": {
				"north": {"uv": [0.5, 2.75, 1, 3], "texture": "#0"},
				"east": {"uv": [0, 2.75, 0.5, 3], "texture": "#0"},
				"south": {"uv": [1.5, 2.75, 2, 3], "texture": "#0"},
				"west": {"uv": [1, 2.75, 1.5, 3], "texture": "#0"},
				"up": {"uv": [1, 2.75, 0.5, 2.25], "texture": "#0"},
				"down": {"uv": [1.5, 2.25, 1, 2.75], "texture": "#0"}
			}
		},
		{
			"name": "Glass",
			"from": [9, 1, 7],
			"to": [10, 2, 9],
			"rotation": {"angle": 0, "axis": "y", "origin": [10, 1, 8]},
			"faces": {
				"north": {"uv": [0.75, 2.75, 1, 3], "texture": "#0"},
				"east": {"uv": [0.25, 2.75, 0.75, 3], "texture": "#0"},
				"south": {"uv": [1.5, 2.75, 1.75, 3], "texture": "#0"},
				"west": {"uv": [1, 2.75, 1.5, 3], "texture": "#0"},
				"up": {"uv": [1, 2.75, 0.75, 2.25], "texture": "#0"},
				"down": {"uv": [1.25, 2.25, 1, 2.75], "texture": "#0"}
			}
		},
		{
			"name": "Glass",
			"from": [6, 1, 7],
			"to": [7, 2, 9],
			"rotation": {"angle": 0, "axis": "y", "origin": [7, 1, 8]},
			"faces": {
				"north": {"uv": [0.75, 2.75, 1, 3], "texture": "#0"},
				"east": {"uv": [0.25, 2.75, 0.75, 3], "texture": "#0"},
				"south": {"uv": [1.5, 2.75, 1.75, 3], "texture": "#0"},
				"west": {"uv": [1, 2.75, 1.5, 3], "texture": "#0"},
				"up": {"uv": [1, 2.75, 0.75, 2.25], "texture": "#0"},
				"down": {"uv": [1.25, 2.25, 1, 2.75], "texture": "#0"}
			}
		},
		{
			"name": "Glass",
			"from": [7, 1, 6],
			"to": [9, 2, 7],
			"rotation": {"angle": 0, "axis": "y", "origin": [8, 1, 7]},
			"faces": {
				"north": {"uv": [0.5, 2.75, 1, 3], "texture": "#0"},
				"east": {"uv": [0.25, 2.75, 0.5, 3], "texture": "#0"},
				"south": {"uv": [1.25, 2.75, 1.75, 3], "texture": "#0"},
				"west": {"uv": [1, 2.75, 1.25, 3], "texture": "#0"},
				"up": {"uv": [1, 2.75, 0.5, 2.5], "texture": "#0"},
				"down": {"uv": [1.5, 2.5, 1, 2.75], "texture": "#0"}
			}
		},
		{
			"name": "Glass",
			"from": [7, 1, 9],
			"to": [9, 2, 10],
			"rotation": {"angle": 0, "axis": "y", "origin": [8, 1, 10]},
			"faces": {
				"north": {"uv": [0.5, 2.75, 1, 3], "texture": "#0"},
				"east": {"uv": [0.25, 2.75, 0.5, 3], "texture": "#0"},
				"south": {"uv": [1.25, 2.75, 1.75, 3], "texture": "#0"},
				"west": {"uv": [1, 2.75, 1.25, 3], "texture": "#0"},
				"up": {"uv": [1, 2.75, 0.5, 2.5], "texture": "#0"},
				"down": {"uv": [1.5, 2.5, 1, 2.75], "texture": "#0"}
			}
		},
		{
			"name": "Glass",
			"from": [6, 5, 6],
			"to": [10, 6, 10],
			"rotation": {"angle": 0, "axis": "y", "origin": [7, 5, 7]},
			"faces": {
				"north": {"uv": [1, 4, 2, 4.25], "texture": "#0"},
				"east": {"uv": [0, 4, 1, 4.25], "texture": "#0"},
				"south": {"uv": [3, 4, 4, 4.25], "texture": "#0"},
				"west": {"uv": [2, 4, 3, 4.25], "texture": "#0"},
				"up": {"uv": [2, 4, 1, 3], "texture": "#0"},
				"down": {"uv": [3, 3, 2, 4], "texture": "#0"}
			}
		},
		{
			"name": "Glass",
			"from": [5, 6, 6],
			"to": [6, 7, 10],
			"rotation": {"angle": 0, "axis": "y", "origin": [6, 6, 7]},
			"faces": {
				"north": {"uv": [7, 1, 7.25, 1.25], "texture": "#0"},
				"east": {"uv": [6, 1, 7, 1.25], "texture": "#0"},
				"south": {"uv": [8.25, 1, 8.5, 1.25], "texture": "#0"},
				"west": {"uv": [7.25, 1, 8.25, 1.25], "texture": "#0"},
				"up": {"uv": [7.25, 1, 7, 0], "texture": "#0"},
				"down": {"uv": [7.5, 0, 7.25, 1], "texture": "#0"}
			}
		},
		{
			"name": "Glass",
			"from": [10, 6, 6],
			"to": [11, 7, 10],
			"rotation": {"angle": 0, "axis": "y", "origin": [11, 6, 7]},
			"faces": {
				"north": {"uv": [3.5, 7, 3.75, 7.25], "texture": "#0"},
				"east": {"uv": [2.5, 7, 3.5, 7.25], "texture": "#0"},
				"south": {"uv": [4.75, 7, 5, 7.25], "texture": "#0"},
				"west": {"uv": [3.75, 7, 4.75, 7.25], "texture": "#0"},
				"up": {"uv": [3.75, 7, 3.5, 6], "texture": "#0"},
				"down": {"uv": [4, 6, 3.75, 7], "texture": "#0"}
			}
		},
		{
			"name": "Glass",
			"from": [6, 6, 5],
			"to": [10, 7, 6],
			"rotation": {"angle": 0, "axis": "y", "origin": [7, 6, 6]},
			"faces": {
				"north": {"uv": [6.25, 1.5, 7.25, 1.75], "texture": "#0"},
				"east": {"uv": [6, 1.5, 6.25, 1.75], "texture": "#0"},
				"south": {"uv": [7.5, 1.5, 8.5, 1.75], "texture": "#0"},
				"west": {"uv": [7.25, 1.5, 7.5, 1.75], "texture": "#0"},
				"up": {"uv": [7.25, 1.5, 6.25, 1.25], "texture": "#0"},
				"down": {"uv": [8.25, 1.25, 7.25, 1.5], "texture": "#0"}
			}
		},
		{
			"name": "Glass",
			"from": [6, 6, 10],
			"to": [10, 7, 11],
			"rotation": {"angle": 0, "axis": "y", "origin": [7, 6, 11]},
			"faces": {
				"north": {"uv": [5.25, 6.25, 6.25, 6.5], "texture": "#0"},
				"east": {"uv": [5, 6.25, 5.25, 6.5], "texture": "#0"},
				"south": {"uv": [6.5, 6.25, 7.5, 6.5], "texture": "#0"},
				"west": {"uv": [6.25, 6.25, 6.5, 6.5], "texture": "#0"},
				"up": {"uv": [6.25, 6.25, 5.25, 6], "texture": "#0"},
				"down": {"uv": [7.25, 6, 6.25, 6.25], "texture": "#0"}
			}
		},
		{
			"name": "Glass",
			"from": [6, 7, 11],
			"to": [10, 13, 12],
			"rotation": {"angle": 0, "axis": "y", "origin": [7, 7, 12]},
			"faces": {
				"north": {"uv": [5.25, 4.5, 6.25, 6], "texture": "#0"},
				"east": {"uv": [5, 4.5, 5.25, 6], "texture": "#0"},
				"south": {"uv": [6.5, 4.5, 7.5, 6], "texture": "#0"},
				"west": {"uv": [6.25, 4.5, 6.5, 6], "texture": "#0"},
				"up": {"uv": [6.25, 4.5, 5.25, 4.25], "texture": "#0"},
				"down": {"uv": [7.25, 4.25, 6.25, 4.5], "texture": "#0"}
			}
		},
		{
			"name": "Glass",
			"from": [5, 7, 10],
			"to": [6, 13, 11],
			"rotation": {"angle": 0, "axis": "y", "origin": [6, 7, 11]},
			"faces": {
				"north": {"uv": [6.75, 2, 7, 3.5], "texture": "#0"},
				"east": {"uv": [6.5, 2, 6.75, 3.5], "texture": "#0"},
				"south": {"uv": [7.25, 2, 7.5, 3.5], "texture": "#0"},
				"west": {"uv": [7, 2, 7.25, 3.5], "texture": "#0"},
				"up": {"uv": [7, 2, 6.75, 1.75], "texture": "#0"},
				"down": {"uv": [7.25, 1.75, 7, 2], "texture": "#0"}
			}
		},
		{
			"name": "Glass",
			"from": [10, 7, 10],
			"to": [11, 13, 11],
			"rotation": {"angle": 0, "axis": "y", "origin": [11, 7, 11]},
			"faces": {
				"north": {"uv": [5.25, 6.75, 5.5, 8.25], "texture": "#0"},
				"east": {"uv": [5, 6.75, 5.25, 8.25], "texture": "#0"},
				"south": {"uv": [5.75, 6.75, 6, 8.25], "texture": "#0"},
				"west": {"uv": [5.5, 6.75, 5.75, 8.25], "texture": "#0"},
				"up": {"uv": [5.5, 6.75, 5.25, 6.5], "texture": "#0"},
				"down": {"uv": [5.75, 6.5, 5.5, 6.75], "texture": "#0"}
			}
		},
		{
			"name": "Glass",
			"from": [10, 7, 5],
			"to": [11, 13, 6],
			"rotation": {"angle": 0, "axis": "y", "origin": [11, 7, 6]},
			"faces": {
				"north": {"uv": [6.25, 6.75, 6.5, 8.25], "texture": "#0"},
				"east": {"uv": [6, 6.75, 6.25, 8.25], "texture": "#0"},
				"south": {"uv": [6.75, 6.75, 7, 8.25], "texture": "#0"},
				"west": {"uv": [6.5, 6.75, 6.75, 8.25], "texture": "#0"},
				"up": {"uv": [6.5, 6.75, 6.25, 6.5], "texture": "#0"},
				"down": {"uv": [6.75, 6.5, 6.5, 6.75], "texture": "#0"}
			}
		},
		{
			"name": "Glass",
			"from": [5, 7, 5],
			"to": [6, 13, 6],
			"rotation": {"angle": 0, "axis": "y", "origin": [6, 7, 6]},
			"faces": {
				"north": {"uv": [0.25, 7, 0.5, 8.5], "texture": "#0"},
				"east": {"uv": [0, 7, 0.25, 8.5], "texture": "#0"},
				"south": {"uv": [0.75, 7, 1, 8.5], "texture": "#0"},
				"west": {"uv": [0.5, 7, 0.75, 8.5], "texture": "#0"},
				"up": {"uv": [0.5, 7, 0.25, 6.75], "texture": "#0"},
				"down": {"uv": [0.75, 6.75, 0.5, 7], "texture": "#0"}
			}
		},
		{
			"name": "Glass",
			"from": [6, 7, 4],
			"to": [10, 13, 5],
			"rotation": {"angle": 0, "axis": "y", "origin": [7, 7, 6]},
			"faces": {
				"north": {"uv": [2.75, 4.5, 3.75, 6], "texture": "#0"},
				"east": {"uv": [2.5, 4.5, 2.75, 6], "texture": "#0"},
				"south": {"uv": [4, 4.5, 5, 6], "texture": "#0"},
				"west": {"uv": [3.75, 4.5, 4, 6], "texture": "#0"},
				"up": {"uv": [3.75, 4.5, 2.75, 4.25], "texture": "#0"},
				"down": {"uv": [4.75, 4.25, 3.75, 4.5], "texture": "#0"}
			}
		},
		{
			"name": "Glass",
			"from": [4, 7, 6],
			"to": [5, 13, 10],
			"rotation": {"angle": 0, "axis": "y", "origin": [5, 7, 7]},
			"faces": {
				"north": {"uv": [1, 5.25, 1.25, 6.75], "texture": "#0"},
				"east": {"uv": [0, 5.25, 1, 6.75], "texture": "#0"},
				"south": {"uv": [2.25, 5.25, 2.5, 6.75], "texture": "#0"},
				"west": {"uv": [1.25, 5.25, 2.25, 6.75], "texture": "#0"},
				"up": {"uv": [1.25, 5.25, 1, 4.25], "texture": "#0"},
				"down": {"uv": [1.5, 4.25, 1.25, 5.25], "texture": "#0"}
			}
		},
		{
			"name": "Glass",
			"from": [11, 7, 6],
			"to": [12, 13, 10],
			"rotation": {"angle": 0, "axis": "y", "origin": [12, 7, 7]},
			"faces": {
				"north": {"uv": [5, 2.75, 5.25, 4.25], "texture": "#0"},
				"east": {"uv": [4, 2.75, 5, 4.25], "texture": "#0"},
				"south": {"uv": [6.25, 2.75, 6.5, 4.25], "texture": "#0"},
				"west": {"uv": [5.25, 2.75, 6.25, 4.25], "texture": "#0"},
				"up": {"uv": [5.25, 2.75, 5, 1.75], "texture": "#0"},
				"down": {"uv": [5.5, 1.75, 5.25, 2.75], "texture": "#0"}
			}
		},
		{
			"name": "Glass",
			"from": [7.5, 2, 7.5],
			"to": [8.5, 5, 8.5],
			"rotation": {"angle": 0, "axis": "y", "origin": [8, 2, 8]},
			"faces": {
				"north": {"uv": [1.25, 7, 1.5, 7.75], "texture": "#0"},
				"east": {"uv": [1, 7, 1.25, 7.75], "texture": "#0"},
				"south": {"uv": [1.75, 7, 2, 7.75], "texture": "#0"},
				"west": {"uv": [1.5, 7, 1.75, 7.75], "texture": "#0"},
				"up": {"uv": [1.5, 7, 1.25, 6.75], "texture": "#0"},
				"down": {"uv": [1.75, 6.75, 1.5, 7], "texture": "#0"}
			}
		},
		{
			"name": "Liquid",
			"from": [6, 7, 5],
			"to": [10, 11.5, 6],
			"rotation": {"angle": 0, "axis": "y", "origin": [7, 7, 6]},
			"faces": {
				"north": {"uv": [8.5, 4.5, 9.5, 5.5], "texture": "#0"},
				"east": {"uv": [8.25, 4.5, 8.5, 5.5], "texture": "#0"},
				"south": {"uv": [9.75, 4.5, 10.75, 5.5], "texture": "#0"},
				"west": {"uv": [9.5, 4.5, 9.75, 5.5], "texture": "#0"},
				"up": {"uv": [9.5, 4.5, 8.5, 4.25], "texture": "#0"},
				"down": {"uv": [10.5, 4.25, 9.5, 4.5], "texture": "#0"}
			}
		},
		{
			"name": "Liquid",
			"from": [6, 6, 6],
			"to": [10, 11.5, 10],
			"rotation": {"angle": 0, "axis": "y", "origin": [7, 6, 7]},
			"faces": {
				"north": {"uv": [8.5, 4.5, 9.5, 5.75], "texture": "#0"},
				"east": {"uv": [7.5, 4.5, 8.5, 5.75], "texture": "#0"},
				"south": {"uv": [10.5, 4.5, 11.5, 5.75], "texture": "#0"},
				"west": {"uv": [9.5, 4.5, 10.5, 5.75], "texture": "#0"},
				"up": {"uv": [9.5, 4.5, 8.5, 3.5], "texture": "#0"},
				"down": {"uv": [10.5, 3.5, 9.5, 4.5], "texture": "#0"}
			}
		},
		{
			"name": "Liquid",
			"from": [5, 7, 6],
			"to": [6, 11.5, 10],
			"rotation": {"angle": 0, "axis": "y", "origin": [6, 7, 7]},
			"faces": {
				"north": {"uv": [9.25, 4.5, 9.5, 5.5], "texture": "#0"},
				"east": {"uv": [8.25, 4.5, 9.25, 5.5], "texture": "#0"},
				"south": {"uv": [10.5, 4.5, 10.75, 5.5], "texture": "#0"},
				"west": {"uv": [9.5, 4.5, 10.5, 5.5], "texture": "#0"},
				"up": {"uv": [9.5, 4.5, 9.25, 3.5], "texture": "#0"},
				"down": {"uv": [9.75, 3.5, 9.5, 4.5], "texture": "#0"}
			}
		},
		{
			"name": "Liquid",
			"from": [10, 7, 6],
			"to": [11, 11.5, 10],
			"rotation": {"angle": 0, "axis": "y", "origin": [11, 7, 7]},
			"faces": {
				"north": {"uv": [9.25, 4.5, 9.5, 5.5], "texture": "#0"},
				"east": {"uv": [8.25, 4.5, 9.25, 5.5], "texture": "#0"},
				"south": {"uv": [10.5, 4.5, 10.75, 5.5], "texture": "#0"},
				"west": {"uv": [9.5, 4.5, 10.5, 5.5], "texture": "#0"},
				"up": {"uv": [9.5, 4.5, 9.25, 3.5], "texture": "#0"},
				"down": {"uv": [9.75, 3.5, 9.5, 4.5], "texture": "#0"}
			}
		},
		{
			"name": "Liquid",
			"from": [6, 7, 10],
			"to": [10, 11.5, 11],
			"rotation": {"angle": 0, "axis": "y", "origin": [7, 7, 11]},
			"faces": {
				"north": {"uv": [8.5, 4.5, 9.5, 5.5], "texture": "#0"},
				"east": {"uv": [8.25, 4.5, 8.5, 5.5], "texture": "#0"},
				"south": {"uv": [9.75, 4.5, 10.75, 5.5], "texture": "#0"},
				"west": {"uv": [9.5, 4.5, 9.75, 5.5], "texture": "#0"},
				"up": {"uv": [9.5, 4.5, 8.5, 4.25], "texture": "#0"},
				"down": {"uv": [10.5, 4.25, 9.5, 4.5], "texture": "#0"}
			}
		},
		{
			"name": "White Marshmallow",
			"from": [7.5, 11, 6.25],
			"to": [8.5, 12, 7.25],
			"rotation": {"angle": 0, "axis": "y", "origin": [7.5, 11, 6.25]},
			"faces": {
				"north": {"uv": [0, 0, 0.25, 0.25], "texture": "#0"},
				"east": {"uv": [0, 0, 0.25, 0.25], "texture": "#0"},
				"south": {"uv": [0, 0, 0.25, 0.25], "texture": "#0"},
				"west": {"uv": [0, 0, 0.25, 0.25], "texture": "#0"},
				"up": {"uv": [0, 0, 0.25, 0.25], "texture": "#0"},
				"down": {"uv": [0, 0, 0.25, 0.25], "texture": "#0"}
			}
		},
		{
			"name": "Pink Marshmallow",
			"from": [9.25, 11, 7.5],
			"to": [10.25, 12, 8.5],
			"rotation": {"angle": 0, "axis": "y", "origin": [9.25, 11, 7.5]},
			"faces": {
				"north": {"uv": [0.25, 0, 0.5, 0.25], "texture": "#0"},
				"east": {"uv": [0.25, 0, 0.5, 0.25], "texture": "#0"},
				"south": {"uv": [0.25, 0, 0.5, 0.25], "texture": "#0"},
				"west": {"uv": [0.25, 0, 0.5, 0.25], "texture": "#0"},
				"up": {"uv": [0.25, 0, 0.5, 0.25], "texture": "#0"},
				"down": {"uv": [0.25, 0, 0.5, 0.25], "texture": "#0"}
			}
		},
		{
			"name": "Pink Marshmallow",
			"from": [6.25, 11, 8.5],
			"to": [7.25, 12, 9.5],
			"rotation": {"angle": 0, "axis": "y", "origin": [6.25, 11, 8.5]},
			"faces": {
				"north": {"uv": [0.25, 0, 0.5, 0.25], "texture": "#0"},
				"east": {"uv": [0.25, 0, 0.5, 0.25], "texture": "#0"},
				"south": {"uv": [0.25, 0, 0.5, 0.25], "texture": "#0"},
				"west": {"uv": [0.25, 0, 0.5, 0.25], "texture": "#0"},
				"up": {"uv": [0.25, 0, 0.5, 0.25], "texture": "#0"},
				"down": {"uv": [0.25, 0, 0.5, 0.25], "texture": "#0"}
			}
		},
		{
			"name": "White Marshmallow",
			"from": [8.25, 11, 9],
			"to": [9.25, 12, 10],
			"rotation": {"angle": 0, "axis": "y", "origin": [8.25, 11, 9]},
			"faces": {
				"north": {"uv": [0, 0, 0.25, 0.25], "texture": "#0"},
				"east": {"uv": [0, 0, 0.25, 0.25], "texture": "#0"},
				"south": {"uv": [0, 0, 0.25, 0.25], "texture": "#0"},
				"west": {"uv": [0, 0, 0.25, 0.25], "texture": "#0"},
				"up": {"uv": [0, 0, 0.25, 0.25], "texture": "#0"},
				"down": {"uv": [0, 0, 0.25, 0.25], "texture": "#0"}
			}
		}
	],
	"display": {
		"thirdperson_righthand": {
			"rotation": [0, 90, 0],
			"translation": [0, 2.75, 2],
			"scale": [0.55, 0.55, 0.55]
		},
		"thirdperson_lefthand": {
			"rotation": [0, 90, 0],
			"translation": [0, 2.75, 2],
			"scale": [0.55, 0.55, 0.55]
		},
		"firstperson_righthand": {
			"translation": [-1, 2, 2],
			"scale": [0.68, 0.68, 0.68]
		},
		"firstperson_lefthand": {
			"translation": [-1, 2, 2],
			"scale": [0.68, 0.68, 0.68]
		},
		"ground": {
			"translation": [0, 2, 0],
			"scale": [0.5, 0.5, 0.5]
		},
		"gui": {
			"rotation": [32, -32, 0],
			"translation": [0, -0.25, 0],
			"scale": [0.8, 0.8, 0.8]
		},
		"head": {
			"rotation": [0, 180, 0],
			"translation": [0, 15.5, 0]
		},
		"fixed": {
			"rotation": [-90, 180, 0],
			"translation": [0, 0, -16],
			"scale": [2, 2, 2]
		}
	}
}