{
    "parent": "item/generated",
    "textures": {
        "layer0": "item/honey_bottle"
    },

    "overrides": [
        {"predicate": {"custom_model_data": 1}, "model": "block/custom/coffees/espresso"},
        {"predicate": {"custom_model_data": 2}, "model": "block/custom/teas/milk_tea"},
        {"predicate": {"custom_model_data": 3}, "model": "block/custom/teas/boba_tea"},
        {"predicate": {"custom_model_data": 4}, "model": "block/custom/teas/black_tea"},
        {"predicate": {"custom_model_data": 5}, "model": "block/custom/coffees/latte"},
        {"predicate": {"custom_model_data": 6}, "model": "block/custom/milkshakes/strawberry_milkshake"},
        {"predicate": {"custom_model_data": 7}, "model": "block/custom/milkshakes/banana_milkshake"},
        {"predicate": {"custom_model_data": 8}, "model": "block/custom/milkshakes/chocolate_milkshake"},
        {"predicate": {"custom_model_data": 9}, "model": "block/custom/milkshakes/mint_milkshake"}
    ]
}